"ProductID","ProductName"
"1","Chai"
"2","Chang"
"3","Aniseed Syrup"
"4","Chef Anton's Cajun Seasoning"
"6","Grandma's Boysenberry Spread"
"7","Uncle Bob's Organic Dried Pears"
"8","Northwoods Cranberry Sauce"
"10","Ikura"
"11","Queso Cabrales"
"12","Queso Manchego La Pastora"
"13","Konbu"
"14","Tofu"
"15","Genen Shouyu"
"16","Pavlova"
"18","Carnarvon Tigers"
"19","Teatime Chocolate Biscuits"
"20","Sir Rodney's Marmalade"
"21","Sir Rodney's Scones"
"22","Gustaf's Knäckebröd"
"23","Tunnbröd"
"25","NuNuCa Nuß-Nougat-Creme"
"26","Gumbär Gummibärchen"
"27","Schoggi Schokolade"
"30","Nord-Ost Matjeshering"
"31","Gorgonzola Telino"
"32","Mascarpone Fabioli"
"33","Geitost"
"34","Sasquatch Ale"
"35","Steeleye Stout"
"36","Inlagd Sill"
"37","Gravad lax"
"38","Côte de Blaye"
"39","Chartreuse verte"
"40","Boston Crab Meat"
"41","Jack's New England Clam Chowder"
"43","Ipoh Coffee"
"44","Gula Malacca"
"45","Rogede sild"
"46","Spegesild"
"47","Zaanse koeken"
"48","Chocolade"
"49","Maxilaku"
"50","Valkoinen suklaa"
"51","Manjimup Dried Apples"
"52","Filo Mix"
"54","Tourtière"
"55","Pâté chinois"
"56","Gnocchi di nonna Alice"
"57","Ravioli Angelo"
"58","Escargots de Bourgogne"
"59","Raclette Courdavault"
"60","Camembert Pierrot"
"61","Sirop d'érable"
"62","Tarte au sucre"
"63","Vegie-spread"
"64","Wimmers gute Semmelknödel"
"65","Louisiana Fiery Hot Pepper Sauce"
"66","Louisiana Hot Spiced Okra"
"67","Laughing Lumberjack Lager"
"68","Scottish Longbreads"
"69","Gudbrandsdalsost"
"70","Outback Lager"
"71","Flotemysost"
"72","Mozzarella di Giovanni"
"73","Röd Kaviar"
"74","Longlife Tofu"
"75","Rhönbräu Klosterbier"
"76","Lakkalikööri"
"77","Original Frankfurter grüne Soße"
